{
  "average_frame_build_time_millis": 18.661064999999997,
  "90th_percentile_frame_build_time_millis": 23.052,
  "99th_percentile_frame_build_time_millis": 25.578,
  "worst_frame_build_time_millis": 29.467,
  "missed_frame_build_budget_count": 336,
  "average_frame_rasterizer_time_millis": 2.4636050000000007,
  "90th_percentile_frame_rasterizer_time_millis": 2.959,
  "99th_percentile_frame_rasterizer_time_millis": 3.336,
  "worst_frame_rasterizer_time_millis": 7.079,
  "missed_frame_rasterizer_budget_count": 0,
  "frame_count": 400,
  "frame_rasterizer_count": 400,
  "frame_build_times": [
    15569,
    12690,
    16372,
    13893,
    15999,
    16155,
    16103,
    16090,
    20840,
    16254,
    14607,
    14907,
    14566,
    16148,
    21882,
    15652,
    14214,
    17944,
    13144,
    14909,
    18991,
    17296,
    13720,
    15599,
    14344,
    18243,
    18436,
    13403,
    16380,
    14902,
    14553,
    14898,
    19176,
    13297,
    14769,
    13746,
    14994,
    15997,
    18568,
    13162,
    15585,
    14974,
    14991,
    14800,
    18415,
    13523,
    17032,
    13376,
    16093,
    14947,
    19589,
    13656,
    14277,
    14421,
    15605,
    14053,
    19566,
    15790,
    14753,
    14465,
    15122,
    16320,
    19091,
    13052,
    14919,
    15798,
    14269,
    15189,
    17875,
    13552,
    17262,
    13296,
    15455,
    15657,
    19242,
    13030,
    15260,
    15929,
    14724,
    14466,
    19632,
    15795,
    15121,
    14409,
    15226,
    16289,
    19499,
    12978,
    14331,
    16028,
    14717,
    14948,
    20070,
    16824,
    14299,
    14911,
    19345,
    18403,
    21983,
    19091,
    17933,
    18557,
    17781,
    18022,
    21842,
    18272,
    17185,
    17136,
    17226,
    17563,
    23204,
    19072,
    17909,
    18652,
    17567,
    18786,
    22907,
    19545,
    19532,
    17892,
    18355,
    18301,
    24167,
    23384,
    18487,
    17543,
    18568,
    18725,
    23600,
    18671,
    17653,
    18277,
    17780,
    19253,
    22622,
    18979,
    16833,
    19646,
    17827,
    18552,
    24153,
    19572,
    20380,
    19116,
    17495,
    18340,
    24987,
    19299,
    18785,
    18500,
    18087,
    19479,
    22791,
    20443,
    16837,
    17747,
    17507,
    17865,
    23137,
    18166,
    17371,
    19180,
    18408,
    18405,
    22728,
    20512,
    22216,
    19971,
    18279,
    19028,
    22981,
    19758,
    20152,
    17714,
    17777,
    18121,
    23241,
    18807,
    17607,
    17902,
    18826,
    17919,
    22800,
    17887,
    17207,
    17214,
    17823,
    19036,
    23052,
    19352,
    18061,
    18688,
    18000,
    17737,
    25033,
    19670,
    17170,
    17869,
    18394,
    18456,
    23982,
    19722,
    17928,
    18391,
    17564,
    19422,
    24768,
    19071,
    18059,
    19094,
    18079,
    17749,
    24943,
    17700,
    17678,
    17816,
    18537,
    18548,
    23300,
    19958,
    19689,
    20657,
    20998,
    21845,
    27948,
    18260,
    17914,
    19637,
    18297,
    17890,
    24593,
    20191,
    20586,
    20003,
    21528,
    19403,
    23859,
    23376,
    19044,
    17674,
    18373,
    18816,
    23611,
    19618,
    17927,
    18459,
    17865,
    18266,
    22573,
    19101,
    17249,
    18717,
    17890,
    17937,
    24222,
    19882,
    17693,
    17968,
    17614,
    18297,
    22991,
    18868,
    17391,
    19415,
    21786,
    20759,
    29467,
    17957,
    17520,
    18493,
    18489,
    17621,
    24695,
    19816,
    17810,
    17941,
    17730,
    19298,
    22498,
    19179,
    17779,
    18763,
    18056,
    17854,
    23802,
    19803,
    17860,
    18976,
    18071,
    18998,
    26844,
    18622,
    18016,
    18608,
    18050,
    17679,
    23785,
    19329,
    17517,
    18321,
    18487,
    18395,
    26121,
    20089,
    17908,
    18439,
    18302,
    18312,
    23395,
    19053,
    17368,
    19534,
    20746,
    19525,
    24097,
    19493,
    17447,
    19595,
    18348,
    18353,
    24299,
    20464,
    20420,
    19617,
    22808,
    19395,
    25176,
    22218,
    19008,
    17668,
    18980,
    18449,
    23868,
    18920,
    17832,
    19033,
    19478,
    17725,
    23645,
    19176,
    17231,
    18971,
    18212,
    18409,
    25578,
    19935,
    20971,
    19585,
    18549,
    18553,
    23431,
    19665,
    17558,
    18173,
    17415,
    17895,
    22853,
    17580,
    16967,
    17724,
    18236,
    18088,
    25547,
    19905,
    17776,
    18077,
    17719,
    19286,
    23088,
    19705,
    17771,
    18022,
    18011,
    19243,
    23861,
    20135,
    20053,
    20425,
    21817,
    19828,
    25211,
    19840,
    18082,
    18418,
    17729,
    18620,
    23931,
    19852,
    17759,
    18108,
    18692,
    18074,
    23422,
    19299,
    17765,
    18421,
    17975,
    18444,
    24937,
    20003
  ],