{
  "average_frame_build_time_millis": 16.1777676240209,
  "90th_percentile_frame_build_time_millis": 18.626,
  "99th_percentile_frame_build_time_millis": 28.727,
  "worst_frame_build_time_millis": 31.2,
  "missed_frame_build_budget_count": 167,
  "average_frame_rasterizer_time_millis": 2.5243463541666684,
  "90th_percentile_frame_rasterizer_time_millis": 3.154,
  "99th_percentile_frame_rasterizer_time_millis": 5.12,
  "worst_frame_rasterizer_time_millis": 7.193,
  "missed_frame_rasterizer_budget_count": 0,
  "frame_count": 383,
  "frame_rasterizer_count": 384,
  "frame_build_times": [
    13355,
    14281,
    16567,
    12119,
    14417,
    13620,
    12499,
    14917,
    15411,
    19936,
    11642,
    12160,
    13330,
    12114,
    11493,
    13294,
    12047,
    13479,
    12121,
    13934,
    11862,
    13810,
    11778,
    13284,
    20754,
    12370,
    12016,
    12023,
    13266,
    12008,
    12616,
    10957,
    12857,
    13163,
    12263,
    12684,
    13904,
    12522,
    23902,
    11530,
    13071,
    11395,
    12876,
    11604,
    14744,
    12448,
    11318,
    12543,
    13116,
    11511,
    13508,
    11560,
    13811,
    22403,
    11411,
    10840,
    14868,
    12183,
    12586,
    13573,
    11719,
    13817,
    11701,
    12969,
    11937,
    14085,
    13102,
    26505,
    13148,
    13523,
    13438,
    13596,
    12222,
    14640,
    12269,
    14880,
    12631,
    14018,
    12478,
    14791,
    12629,
    14965,
    23621,
    13393,
    12482,
    13389,
    12821,
    11674,
    13195,
    11645,
    13545,
    11696,
    15227,
    13012,
    15877,
    13813,
    26419,
    20021,
    18396,
    13475,
    15968,
    15791,
    17307,
    15007,
    17750,
    15215,
    18075,
    15428,
    17306,
    15954,
    17678,
    25016,
    15077,
    15001,
    14782,
    15234,
    15954,
    19010,
    15672,
    17396,
    15461,
    17249,
    15569,
    18109,
    16003,
    29399,
    18506,
    16078,
    15315,
    16808,
    15259,
    15965,
    15329,
    17291,
    15319,
    16505,
    15392,
    16952,
    15454,
    19552,
    26091,
    16006,
    16060,
    15396,
    17339,
    15297,
    17349,
    15434,
    17265,
    15101,
    17185,
    17031,
    17892,
    16893,
    28867,
    16359,
    16320,
    15195,
    16228,
    15039,
    16490,
    15426,
    16693,
    15254,
    16284,
    15309,
    17459,
    15638,
    18261,
    25568,
    16804,
    16442,
    15194,
    15758,
    16110,
    16711,
    15368,
    16583,
    17168,
    17898,
    15493,
    18711,
    15948,
    28434,
    18862,
    16081,
    15153,
    15730,
    15891,
    18195,
    16932,
    17225,
    16047,
    18600,
    15711,
    18262,
    15706,
    16357,
    27185,
    15519,
    16170,
    16027,
    16186,
    15165,
    16122,
    15400,
    16825,
    15363,
    18183,
    15647,
    17915,
    15883,
    25739,
    15589,
    15865,
    15948,
    16526,
    15262,
    15812,
    15203,
    17090,
    15576,
    18377,
    17024,
    16173,
    15421,
    17159,
    26810,
    12295,
    13135,
    12933,
    13499,
    12689,
    12367,
    12874,
    14304,
    15817,
    17346,
    15766,
    17335,
    15399,
    26675,
    16582,
    15722,
    16671,
    17733,
    15369,
    16734,
    15398,
    17027,
    17127,
    17572,
    15747,
    19269,
    17227,
    21523,
    28727,
    15918,
    15806,
    15355,
    16134,
    15234,
    17130,
    15197,
    16958,
    15224,
    17777,
    15509,
    17409,
    15470,
    26926,
    17641,
    15942,
    15067,
    16770,
    17675,
    17210,
    15523,
    17788,
    15612,
    18282,
    16409,
    17434,
    15374,
    18591,
    25953,
    15559,
    15737,
    15432,
    16491,
    15466,
    17782,
    15319,
    18300,
    16472,
    18702,
    16149,
    18827,
    16445,
    28841,
    16384,
    15784,
    16079,
    16215,
    15214,
    17635,
    15523,
    17527,
    17712,
    17198,
    15541,
    18110,
    15459,
    17520,
    25076,
    15295,
    16678,
    15250,
    16253,
    15314,
    16258,
    15347,
    16883,
    15230,
    17404,
    15311,
    17143,
    15366,
    26082,
    20657,
    16164,
    15281,
    18161,
    14958,
    16484,
    15216,
    17111,
    16110,
    17880,
    15837,
    19402,
    17078,
    21573,
    31200,
    17339,
    16032,
    15085,
    15740,
    15413,
    17408,
    15322,
    16597,
    15743,
    17343,
    16459,
    18626,
    13888,
    24633,
    17496,
    15898,
    15234,
    15781,
    15408,
    17501,
    12754,
    12276,
    13254,
    15877,
    15404,
    17101,
    15623,
    17431,
    24046,
    13581,
    16327,
    15386,
    15885,
    15128,
    16506,
    15083,
    16781,
    15217,
    18033
  ],