{
  "average_frame_build_time_millis": 16.725710106382998,
  "90th_percentile_frame_build_time_millis": 19.313,
  "99th_percentile_frame_build_time_millis": 29.177,
  "worst_frame_build_time_millis": 32.31,
  "missed_frame_build_budget_count": 229,
  "average_frame_rasterizer_time_millis": 2.8118328912466843,
  "90th_percentile_frame_rasterizer_time_millis": 3.739,
  "99th_percentile_frame_rasterizer_time_millis": 9.149,
  "worst_frame_rasterizer_time_millis": 14.163,
  "missed_frame_rasterizer_budget_count": 0,
  "frame_count": 376,
  "frame_rasterizer_count": 377,
  "frame_build_times": [
    12463,
    15101,
    17290,
    13104,
    12532,
    13443,
    15456,
    14543,
    14593,
    19063,
    11490,
    12704,
    14320,
    13496,
    13726,
    13946,
    12609,
    13217,
    12508,
    14176,
    12502,
    14400,
    12678,
    13793,
    20137,
    13487,
    11719,
    12065,
    12916,
    14158,
    13396,
    12462,
    12693,
    13066,
    13903,
    12605,
    13982,
    12826,
    22903,
    13858,
    14313,
    14722,
    14937,
    12871,
    14292,
    12011,
    13562,
    12238,
    14159,
    12040,
    15340,
    13263,
    16763,
    22894,
    12397,
    13128,
    13515,
    13071,
    12685,
    13732,
    12284,
    15278,
    14120,
    15370,
    14497,
    14881,
    14632,
    29177,
    13388,
    12891,
    13491,
    14484,
    12995,
    17570,
    12837,
    15492,
    14349,
    15634,
    12826,
    14652,
    13160,
    14837,
    22706,
    12790,
    12650,
    12643,
    13596,
    14807,
    14117,
    12522,
    14517,
    12100,
    15901,
    12633,
    14893,
    12618,
    23557,
    20229,
    20076,
    17649,
    17291,
    15549,
    17264,
    15879,
    17201,
    16252,
    17148,
    16051,
    16757,
    15692,
    19792,
    26392,
    14968,
    16145,
    17238,
    16062,
    15959,
    17240,
    15756,
    16862,
    16648,
    18212,
    16011,
    18603,
    18651,
    29595,
    19218,
    18121,
    15900,
    16682,
    17446,
    17083,
    16147,
    16507,
    15813,
    16663,
    16560,
    17023,
    16126,
    18020,
    27996,
    17849,
    16583,
    15959,
    17305,
    15651,
    17464,
    16030,
    18313,
    15999,
    19056,
    16271,
    19313,
    16651,
    29052,
    16840,
    17238,
    15962,
    16917,
    16182,
    17241,
    16285,
    17884,
    16218,
    17895,
    16192,
    18248,
    16126,
    17515,
    25454,
    13064,
    13575,
    16443,
    17356,
    15977,
    17244,
    15996,
    16910,
    15928,
    17496,
    16103,
    16752,
    16465,
    27100,
    13730,
    14314,
    15277,
    15723,
    17023,
    16503,
    15877,
    17436,
    15840,
    17452,
    16111,
    18489,
    16170,
    18283,
    27115,
    15801,
    17325,
    16040,
    17453,
    15773,
    16449,
    15834,
    16989,
    16487,
    17806,
    16353,
    16947,
    16133,
    25558,
    17304,
    16436,
    15845,
    17060,
    15903,
    17310,
    12616,
    14467,
    15959,
    17150,
    16011,
    18113,
    16380,
    19292,
    27299,
    16335,
    17019,
    17414,
    19347,
    16869,
    18129,
    16280,
    17565,
    17811,
    17733,
    16006,
    18838,
    16559,
    27561,
    16303,
    17244,
    15639,
    16302,
    16077,
    17784,
    15909,
    17442,
    16842,
    19199,
    16207,
    18203,
    16401,
    19701,
    29278,
    16061,
    16396,
    15693,
    17450,
    15515,
    16778,
    17780,
    17622,
    16196,
    18595,
    17097,
    20857,
    16048,
    25771,
    16482,
    17015,
    16107,
    17608,
    16024,
    17082,
    15705,
    18068,
    16346,
    18001,
    16207,
    18115,
    16156,
    19326,
    28791,
    16224,
    16294,
    15957,
    16570,
    16696,
    16544,
    15619,
    16985,
    16101,
    17320,
    16235,
    18007,
    16555,
    27697,
    16673,
    16457,
    15617,
    16562,
    16163,
    17598,
    15651,
    17684,
    16171,
    17986,
    16247,
    17694,
    16634,
    20567,
    28199,
    15955,
    16580,
    15641,
    16770,
    15745,
    17216,
    15693,
    16937,
    17307,
    18919,
    17243,
    20696,
    19078,
    32310,
    17197,
    16725,
    15796,
    17309,
    15940,
    17413,
    16917,
    18508,
    16089,
    19436,
    18706,
    21779,
    17832,
    21406,
    30573,
    16257,
    16872,
    15697,
    16826,
    15669,
    16712,
    15761,
    17718,
    16130,
    17342,
    15979,
    17659,
    16174,
    26381,
    16265,
    15983,
    15563,
    15930,
    15630,
    16016,
    15693,
    16170,
    13553,
    15207,
    16287,
    17613,
    16076,
    16623,
    24270,
    13340,
    13436,
    12551
  ],