{
  "average_frame_build_time_millis": 16.411307277628026,
  "90th_percentile_frame_build_time_millis": 19.655,
  "99th_percentile_frame_build_time_millis": 28.999,
  "worst_frame_build_time_millis": 32.722,
  "missed_frame_build_budget_count": 183,
  "average_frame_rasterizer_time_millis": 2.5305268817204296,
  "90th_percentile_frame_rasterizer_time_millis": 3.145,
  "99th_percentile_frame_rasterizer_time_millis": 4.762,
  "worst_frame_rasterizer_time_millis": 9.702,
  "missed_frame_rasterizer_budget_count": 0,
  "frame_count": 371,
  "frame_rasterizer_count": 372,
  "frame_build_times": [
    11730,
    13738,
    28762,
    10926,
    13218,
    11532,
    12979,
    13737,
    14373,
    20524,
    13890,
    12425,
    14049,
    14429,
    12666,
    13988,
    13005,
    11845,
    12681,
    15932,
    13436,
    15002,
    13730,
    15977,
    24309,
    12084,
    13519,
    13906,
    13762,
    12708,
    12864,
    12146,
    12984,
    11924,
    13826,
    11728,
    14759,
    11878,
    19820,
    11909,
    12250,
    12172,
    13591,
    13415,
    11459,
    11873,
    12601,
    11407,
    14098,
    11828,
    13269,
    11877,
    14706,
    22811,
    13122,
    12510,
    12553,
    13497,
    12454,
    12912,
    11891,
    12484,
    12640,
    12352,
    11473,
    13160,
    11901,
    18384,
    11393,
    12618,
    12803,
    13014,
    12823,
    13958,
    12566,
    14167,
    13092,
    14352,
    12960,
    15168,
    13156,
    16316,
    23023,
    13621,
    13467,
    12748,
    12683,
    14322,
    13400,
    12155,
    15065,
    13913,
    16774,
    13920,
    17397,
    16734,
    28999,
    25230,
    20956,
    20711,
    19719,
    16153,
    17485,
    17334,
    18905,
    16178,
    19160,
    16731,
    20508,
    17008,
    19311,
    26427,
    15500,
    15141,
    15366,
    15612,
    15635,
    17342,
    15275,
    17016,
    16010,
    17323,
    15467,
    18013,
    16057,
    28580,
    17181,
    16544,
    15451,
    16823,
    15125,
    16700,
    15107,
    17176,
    15250,
    16829,
    15757,
    19728,
    17539,
    18384,
    29055,
    15720,
    16421,
    15338,
    17424,
    15075,
    16188,
    15049,
    17803,
    16248,
    16059,
    15224,
    16162,
    15725,
    24858,
    16094,
    15738,
    15223,
    12560,
    13297,
    12514,
    15601,
    15807,
    15271,
    17293,
    16587,
    17131,
    15328,
    17811,
    26170,
    15122,
    15741,
    15343,
    16002,
    15218,
    16984,
    15366,
    16859,
    15048,
    17350,
    17732,
    17013,
    16493,
    29664,
    16153,
    15599,
    15722,
    15395,
    15122,
    16182,
    15019,
    15814,
    15388,
    16325,
    16929,
    17395,
    15439,
    17795,
    25670,
    15381,
    16117,
    12209,
    13461,
    13050,
    16172,
    15399,
    17848,
    15865,
    17262,
    16204,
    17693,
    16525,
    27595,
    16991,
    16720,
    15371,
    16665,
    15233,
    18056,
    15025,
    17510,
    15833,
    18432,
    15364,
    20074,
    16991,
    19763,
    24845,
    16028,
    15616,
    15936,
    17929,
    15225,
    16476,
    17717,
    17963,
    18047,
    18432,
    16021,
    19660,
    16477,
    32722,
    17303,
    16913,
    15487,
    15908,
    16208,
    18636,
    15522,
    17272,
    16604,
    16894,
    16168,
    20433,
    16415,
    20679,
    29199,
    15443,
    16939,
    15343,
    16930,
    15299,
    17313,
    16456,
    18145,
    15533,
    16945,
    15333,
    17527,
    15689,
    27620,
    15855,
    17200,
    15669,
    16618,
    15312,
    16935,
    15208,
    17091,
    15377,
    16708,
    16259,
    18006,
    15384,
    17466,
    25299,
    16173,
    16654,
    15276,
    15309,
    15428,
    15304,
    13126,
    15836,
    15544,
    17517,
    15737,
    17616,
    15568,
    27532,
    18266,
    18038,
    15076,
    16202,
    14565,
    15476,
    15607,
    17372,
    16737,
    17022,
    15562,
    17967,
    15464,
    17348,
    26697,
    16019,
    16012,
    15337,
    16840,
    15388,
    17235,
    15827,
    17425,
    16143,
    17005,
    15968,
    19764,
    17919,
    28737,
    18390,
    17226,
    15625,
    17003,
    15230,
    17634,
    15681,
    18130,
    16300,
    17674,
    16530,
    18775,
    16190,
    19655,
    25960,
    16648,
    15347,
    15947,
    16021,
    16687,
    17271,
    17563,
    17474,
    15603,
    17086,
    15929,
    17295,
    16131,
    26999,
    16761,
    15369,
    16498,
    16912,
    15412,
    16642,
    15418,
    15755,
    15611,
    17226,
    15774,
    17007,
    15722
  ],