{
  "average_frame_build_time_millis": 16.756538666666657,
  "90th_percentile_frame_build_time_millis": 19.765,
  "99th_percentile_frame_build_time_millis": 30.258,
  "worst_frame_build_time_millis": 31.849,
  "missed_frame_build_budget_count": 217,
  "average_frame_rasterizer_time_millis": 2.7615664893617002,
  "90th_percentile_frame_rasterizer_time_millis": 3.404,
  "99th_percentile_frame_rasterizer_time_millis": 6.331,
  "worst_frame_rasterizer_time_millis": 15.276,
  "missed_frame_rasterizer_budget_count": 0,
  "frame_count": 375,
  "frame_rasterizer_count": 376,
  "frame_build_times": [
    12128,
    16138,
    17632,
    12835,
    14740,
    11858,
    13708,
    13680,
    14659,
    19578,
    11559,
    11511,
    12772,
    13804,
    11882,
    13401,
    12763,
    14425,
    16272,
    15816,
    14098,
    18315,
    14636,
    16627,
    21172,
    12291,
    13151,
    11829,
    12849,
    13267,
    13249,
    11597,
    12544,
    12535,
    13479,
    11743,
    13616,
    14377,
    24073,
    15024,
    14837,
    13232,
    14074,
    13812,
    15890,
    13750,
    15252,
    14524,
    15595,
    13508,
    16279,
    14205,
    14989,
    21986,
    12775,
    13338,
    13233,
    12878,
    13693,
    14844,
    12251,
    13013,
    11905,
    13325,
    11878,
    13823,
    12750,
    20065,
    11948,
    12862,
    12899,
    13079,
    12223,
    13005,
    12697,
    14294,
    11869,
    13870,
    11680,
    13454,
    11931,
    13296,
    19973,
    11710,
    12405,
    13560,
    13246,
    12212,
    13924,
    11907,
    15118,
    13322,
    15570,
    11981,
    12243,
    12589,
    21083,
    18800,
    17020,
    15528,
    17589,
    13190,
    15581,
    15435,
    17121,
    15796,
    17793,
    16512,
    18631,
    16152,
    18985,
    25597,
    16031,
    15410,
    15453,
    15660,
    15628,
    15510,
    12529,
    12999,
    13349,
    13055,
    13541,
    13465,
    13895,
    25630,
    16802,
    16063,
    16421,
    17218,
    15880,
    16992,
    16031,
    18674,
    15953,
    18847,
    16196,
    18824,
    18237,
    20452,
    27189,
    17145,
    16505,
    15819,
    16697,
    16516,
    16923,
    15710,
    18188,
    15938,
    17996,
    15944,
    18517,
    16144,
    27786,
    18062,
    16399,
    15758,
    16415,
    16254,
    18129,
    15876,
    19096,
    16050,
    18442,
    15949,
    18373,
    16008,
    18802,
    28524,
    16434,
    16541,
    15878,
    16103,
    15841,
    16789,
    15970,
    18920,
    16320,
    18029,
    16272,
    18951,
    16057,
    30291,
    15201,
    16668,
    15674,
    16451,
    15677,
    18465,
    15858,
    17523,
    17332,
    18234,
    14859,
    16136,
    15711,
    17877,
    27432,
    16002,
    16116,
    16623,
    16478,
    15634,
    17359,
    15728,
    18132,
    15731,
    19418,
    17490,
    19792,
    16293,
    30089,
    15982,
    16264,
    15684,
    17170,
    15689,
    17576,
    15516,
    17814,
    15913,
    17705,
    16330,
    17829,
    15741,
    18434,
    25942,
    13011,
    12660,
    13857,
    16575,
    15850,
    16871,
    15697,
    17785,
    16383,
    18151,
    16013,
    19279,
    16341,
    30665,
    19677,
    16995,
    15560,
    16442,
    16227,
    17769,
    15934,
    18014,
    16437,
    19783,
    18336,
    22755,
    18404,
    22196,
    31135,
    16409,
    17182,
    15903,
    17073,
    15843,
    17297,
    15723,
    18242,
    17342,
    18216,
    15671,
    17995,
    16642,
    28204,
    16813,
    18303,
    15796,
    17144,
    15888,
    17687,
    15594,
    18823,
    15870,
    18568,
    16237,
    17850,
    16111,
    21802,
    28726,
    16114,
    16071,
    17308,
    17997,
    15746,
    17122,
    17874,
    18219,
    16271,
    19577,
    16231,
    19765,
    16706,
    30258,
    18578,
    17550,
    15918,
    16835,
    15985,
    17323,
    15964,
    18069,
    16150,
    20348,
    17238,
    20976,
    17673,
    21099,
    29625,
    16163,
    16980,
    16078,
    17485,
    15671,
    16959,
    16167,
    18423,
    16292,
    18360,
    16013,
    19132,
    16104,
    27465,
    15757,
    16816,
    15921,
    17099,
    15709,
    17093,
    16089,
    17647,
    15793,
    18008,
    16298,
    20228,
    17268,
    20800,
    31849,
    15994,
    16866,
    15795,
    17119,
    15918,
    17170,
    16705,
    18315,
    16274,
    17665,
    16272,
    19115,
    16645,
    27872,
    20240,
    18074,
    16600,
    18102,
    15815,
    17699,
    15774,
    18781,
    16208,
    17669,
    16465,
    18135,
    16427,
    18204,
    27837,
    16404,
    12646
  ],