{
  "average_frame_build_time_millis": 16.469156498673737,
  "90th_percentile_frame_build_time_millis": 19.161,
  "99th_percentile_frame_build_time_millis": 28.434,
  "worst_frame_build_time_millis": 30.53,
  "missed_frame_build_budget_count": 187,
  "average_frame_rasterizer_time_millis": 2.6012122015915136,
  "90th_percentile_frame_rasterizer_time_millis": 3.427,
  "99th_percentile_frame_rasterizer_time_millis": 6.072,
  "worst_frame_rasterizer_time_millis": 11.968,
  "missed_frame_rasterizer_budget_count": 0,
  "frame_count": 377,
  "frame_rasterizer_count": 377,
  "frame_build_times": [
    13685,
    16058,
    21923,
    13777,
    14022,
    13829,
    15150,
    13516,
    13733,
    19107,
    11430,
    12136,
    13511,
    13825,
    12187,
    14517,
    12379,
    12911,
    12817,
    15440,
    12517,
    14933,
    12031,
    14696,
    21158,
    12929,
    12283,
    11756,
    13987,
    12946,
    13052,
    11475,
    11465,
    12063,
    13966,
    12096,
    13778,
    12306,
    24000,
    11745,
    12884,
    13194,
    14517,
    11714,
    13500,
    12402,
    12222,
    11723,
    14175,
    12249,
    13539,
    11899,
    14914,
    23631,
    14161,
    14214,
    12470,
    14202,
    13334,
    13783,
    12191,
    13164,
    12175,
    14551,
    13855,
    15622,
    14181,
    23570,
    14562,
    14593,
    12997,
    14613,
    12461,
    13302,
    12691,
    14644,
    12589,
    15106,
    13464,
    15292,
    13666,
    15582,
    20799,
    11324,
    13158,
    12146,
    13093,
    14065,
    14480,
    12064,
    13991,
    11941,
    13990,
    12277,
    13417,
    12219,
    20954,
    19004,
    17092,
    15608,
    17030,
    16185,
    17951,
    15221,
    18835,
    15325,
    17636,
    15799,
    19772,
    15924,
    16228,
    25296,
    15250,
    15243,
    15149,
    15059,
    12168,
    12836,
    12945,
    14549,
    12945,
    15556,
    18225,
    17962,
    15706,
    24179,
    16176,
    16501,
    15428,
    16763,
    15935,
    16448,
    15194,
    17042,
    15393,
    16128,
    17683,
    17682,
    19529,
    18594,
    25525,
    16214,
    15843,
    20690,
    16455,
    15619,
    17557,
    15211,
    16896,
    16882,
    17287,
    15272,
    18456,
    16586,
    25068,
    18077,
    16060,
    15342,
    15919,
    15116,
    16246,
    16544,
    17210,
    17132,
    17273,
    15470,
    18206,
    15716,
    18560,
    25331,
    16683,
    16122,
    15798,
    16555,
    15391,
    16573,
    17205,
    18410,
    15689,
    18261,
    15967,
    18903,
    16424,
    30007,
    19780,
    19017,
    15369,
    16632,
    15264,
    16557,
    16930,
    17791,
    15463,
    18705,
    17345,
    19116,
    16528,
    19471,
    28146,
    15687,
    16304,
    15651,
    17431,
    12714,
    12566,
    13895,
    16118,
    15247,
    17523,
    17831,
    17862,
    15707,
    28646,
    16174,
    16571,
    15917,
    16553,
    15273,
    16578,
    15965,
    17865,
    16371,
    18551,
    15732,
    19420,
    17019,
    20749,
    28239,
    16080,
    16780,
    12743,
    16070,
    15716,
    15833,
    15470,
    17726,
    15681,
    17763,
    15777,
    19161,
    16393,
    30530,
    16352,
    15831,
    15616,
    16972,
    15313,
    17224,
    17268,
    17901,
    15639,
    19631,
    17524,
    21496,
    17567,
    22005,
    28313,
    17160,
    16430,
    15644,
    16923,
    16993,
    18098,
    18857,
    18061,
    15669,
    17052,
    15557,
    18989,
    17145,
    28586,
    17626,
    15778,
    15248,
    15931,
    15744,
    17234,
    16835,
    17958,
    16209,
    17909,
    15622,
    17862,
    15712,
    19466,
    27769,
    15883,
    16258,
    16541,
    16643,
    15513,
    16940,
    15418,
    16224,
    16724,
    17624,
    16395,
    18146,
    15619,
    27471,
    17160,
    15792,
    15634,
    15796,
    15466,
    17337,
    15526,
    16778,
    15531,
    17301,
    17022,
    17666,
    15673,
    18150,
    26158,
    13641,
    15727,
    16428,
    16702,
    15384,
    17217,
    15499,
    17161,
    15382,
    18154,
    16049,
    17900,
    15868,
    28434,
    16274,
    16433,
    15617,
    17279,
    15439,
    16444,
    15184,
    16603,
    15509,
    16841,
    17319,
    17309,
    15891,
    17736,
    24723,
    13798,
    13717,
    16618,
    15718,
    15555,
    16893,
    15373,
    17099,
    16846,
    17890,
    15641,
    17573,
    15868,
    26464,
    16650,
    16793,
    15998,
    15883,
    16242,
    17424,
    15500,
    17923,
    15638,
    17366,
    15853,
    17459,
    15982,
    19931,
    27799,
    16071,
    16270,
    15681,
    16529
  ],