{
  "average_frame_build_time_millis": 15.923096692111969,
  "90th_percentile_frame_build_time_millis": 18.947,
  "99th_percentile_frame_build_time_millis": 29.056,
  "worst_frame_build_time_millis": 30.946,
  "missed_frame_build_budget_count": 164,
  "average_frame_rasterizer_time_millis": 2.97583879093199,
  "90th_percentile_frame_rasterizer_time_millis": 4.9,
  "99th_percentile_frame_rasterizer_time_millis": 10.798,
  "worst_frame_rasterizer_time_millis": 15.62,
  "missed_frame_rasterizer_budget_count": 0,
  "frame_count": 393,
  "frame_rasterizer_count": 397,
  "frame_build_times": [
    14398,
    14456,
    13350,
    21413,
    14785,
    13249,
    12700,
    12998,
    13917,
    12699,
    19608,
    11431,
    12425,
    13440,
    13253,
    12711,
    13021,
    13223,
    14393,
    13452,
    14471,
    12409,
    13793,
    12124,
    20061,
    11779,
    12516,
    12159,
    12884,
    14273,
    13866,
    12546,
    13171,
    13288,
    14055,
    12348,
    14595,
    12488,
    12394,
    21197,
    12899,
    11913,
    13011,
    12958,
    12280,
    13156,
    12705,
    13485,
    12169,
    13787,
    12349,
    11957,
    12150,
    22069,
    13648,
    13936,
    13630,
    13963,
    13193,
    11742,
    13468,
    13276,
    12168,
    14842,
    14010,
    15231,
    13218,
    15451,
    21321,
    15094,
    12722,
    13144,
    13467,
    12864,
    13725,
    12464,
    12804,
    12840,
    13004,
    13649,
    14047,
    12745,
    19849,
    12150,
    12846,
    11945,
    12981,
    13257,
    14205,
    12256,
    14018,
    12390,
    13319,
    12648,
    14364,
    12476,
    12667,
    20991,
    15607,
    16043,
    16340,
    15873,
    15443,
    16491,
    15740,
    17428,
    15608,
    17112,
    16534,
    18483,
    16010,
    28498,
    17604,
    16704,
    15553,
    16820,
    15446,
    15706,
    15747,
    16948,
    15393,
    16978,
    16749,
    19961,
    17301,
    21483,
    26555,
    15570,
    15991,
    15455,
    15587,
    15259,
    15216,
    15086,
    12455,
    15337,
    15758,
    15849,
    17279,
    16375,
    25958,
    17944,
    16497,
    15799,
    16495,
    15353,
    17603,
    15889,
    17272,
    15653,
    18178,
    15897,
    16654,
    15879,
    16812,
    24228,
    13097,
    13337,
    12348,
    13025,
    12689,
    13590,
    12437,
    13115,
    13405,
    14943,
    12511,
    13887,
    12962,
    28311,
    16290,
    15982,
    16585,
    16832,
    15447,
    16180,
    16469,
    17436,
    15955,
    18574,
    15553,
    18394,
    15784,
    18834,
    26349,
    12632,
    13180,
    13711,
    14018,
    15614,
    16892,
    15683,
    16884,
    17438,
    18045,
    15796,
    17595,
    15861,
    26791,
    17001,
    16685,
    15979,
    16334,
    15758,
    17731,
    16188,
    18546,
    16177,
    18410,
    15949,
    18019,
    15981,
    17615,
    23416,
    12626,
    13090,
    13348,
    13083,
    14097,
    16176,
    15540,
    17583,
    14203,
    16204,
    15690,
    16687,
    16814,
    26333,
    17992,
    19149,
    16090,
    15851,
    15526,
    17249,
    15616,
    17877,
    16148,
    18364,
    16197,
    17661,
    15836,
    19746,
    27179,
    15843,
    16375,
    15759,
    16684,
    15442,
    16820,
    15752,
    18326,
    15938,
    18514,
    16282,
    19091,
    15902,
    27382,
    17607,
    16363,
    15552,
    16710,
    15807,
    16925,
    15726,
    15759,
    15911,
    16743,
    15895,
    17681,
    16798,
    18003,
    23600,
    12950,
    13275,
    13141,
    13429,
    15537,
    17296,
    16241,
    17932,
    16303,
    19717,
    15766,
    18855,
    16120,
    29274,
    19060,
    16576,
    15398,
    16481,
    15968,
    17798,
    15858,
    18080,
    16498,
    18947,
    15890,
    19069,
    16895,
    21890,
    28246,
    16014,
    16769,
    15538,
    16991,
    15775,
    16395,
    15482,
    17675,
    16196,
    17249,
    15980,
    17829,
    16298,
    29256,
    15868,
    16715,
    15834,
    16729,
    15711,
    16904,
    15762,
    17089,
    16199,
    17638,
    15916,
    17092,
    15987,
    18772,
    29056,
    15849,
    16884,
    15483,
    16015,
    15601,
    16845,
    15539,
    16970,
    16578,
    19766,
    18002,
    21582,
    16249,
    30946,
    18796,
    16439,
    15776,
    17044,
    13274,
    13509,
    13620,
    15020,
    13414,
    13709,
    13499,
    14704,
    13159,
    14140,
    24241,
    13555,
    13083,
    12956,
    13200,
    13071,
    14027,
    13250,
    13964,
    16390,
    16707,
    15645,
    17567,
    15890,
    26654,
    16823,
    16316,
    15661,
    17145,
    16075,
    16605,
    12723,
    12814,
    13410,
    14203,
    13210,
    14018,
    12738,
    16860,
    29819,
    12618,
    12791,
    2756,
    100,
    135
  ],