{
  "average_frame_build_time_millis": 26.87369191919192,
  "90th_percentile_frame_build_time_millis": 31.703,
  "99th_percentile_frame_build_time_millis": 33.358,
  "worst_frame_build_time_millis": 33.607,
  "missed_frame_build_budget_count": 196,
  "average_frame_rasterizer_time_millis": 3.4065544554455434,
  "90th_percentile_frame_rasterizer_time_millis": 4.085,
  "99th_percentile_frame_rasterizer_time_millis": 5.273,
  "worst_frame_rasterizer_time_millis": 6.341,
  "missed_frame_rasterizer_budget_count": 0,
  "frame_count": 198,
  "frame_rasterizer_count": 202,
  "frame_build_times": [
    15129,
    19529,
    18916,
    16738,
    20659,
    20269,
    21003,
    25444,
    26103,
    25877,
    20822,
    22183,
    21179,
    21733,
    24262,
    23924,
    22791,
    24147,
    24744,
    22728,
    23596,
    24070,
    22800,
    22351,
    21342,
    25502,
    26138,
    21406,
    23275,
    25276,
    25969,
    24818,
    21169,
    23406,
    25028,
    24400,
    26803,
    21294,
    24775,
    24320,
    26211,
    25356,
    22055,
    22603,
    25655,
    23402,
    25324,
    21414,
    20027,
    20678,
    22421,
    23876,
    23600,
    23858,
    24129,
    26386,
    22965,
    22456,
    23535,
    25079,
    25213,
    23897,
    21697,
    23815,
    24999,
    26470,
    27919,
    25969,
    25991,
    24898,
    22616,
    25191,
    23177,
    24148,
    22442,
    23998,
    23973,
    23286,
    23491,
    24905,
    26651,
    25996,
    25774,
    25019,
    26861,
    23264,
    25101,
    22262,
    24935,
    23269,
    24504,
    25957,
    22637,
    24381,
    25864,
    23952,
    26046,
    21011,
    30456,
    30655,
    31266,
    31316,
    28043,
    30622,
    30871,
    32061,
    31465,
    26813,
    30138,
    30707,
    31703,
    33520,
    27970,
    30643,
    30584,
    31368,
    32745,
    28104,
    28337,
    30478,
    31927,
    29056,
    30141,
    31992,
    33179,
    26998,
    30219,
    30346,
    31220,
    32547,
    26537,
    28048,
    30032,
    28592,
    31701,
    25812,
    27789,
    30770,
    30739,
    31745,
    26350,
    27152,
    28276,
    29093,
    31339,
    28548,
    29067,
    31048,
    31660,
    31079,
    28698,
    30449,
    31888,
    31595,
    31081,
    28711,
    29117,
    32045,
    33358,
    31732,
    27867,
    29399,
    30808,
    32388,
    31046,
    30292,
    30518,
    30768,
    28814,
    32661,
    28490,
    30099,
    31455,
    32171,
    31311,
    27823,
    30556,
    32485,
    31686,
    32472,
    26973,
    28323,
    30641,
    31271,
    32421,
    27738,
    30597,
    31414,
    30841,
    32649,
    27691,
    30255,
    31121,
    31577,
    33607,
    27742,
    30433,
    2520
  ],
  "frame_rasterizer_times": [
    2222,
    6341,
    1,
    1,
    1903,
    2457,
    2536,
    2064,
    3068,
    2488,
    3994,
    2856,
    3042,
    2528,
    3280,
    2965,
    2481,
    2891,
    2974,
    3130,
    3749,
    2777,
    3196,
    2920,
    3079,
    2771,
    3404,
    3048,
    2752,
    3006,
    3320,
    3231,
    3289,
    3058,
    3413,
    2881,
    2947,
    3078,
    3366,
    3158,
    3464,
    2734,
    3247,
    3215,
    3231,
    3043,
    3112,
    3051,
    3196,
    3103,
    3254,
    5766,
    2760,
    2736,
    2906,
    3230,
    3187,
    3029,
    2739,
    3194,
    2684,
    3290,
    2752,
    3132,
    2818,
    3240,
    5273,
    3274,
    2995,
    3330,
    3308,
    3411,
    3167,
    3159,
    2859,
    3713,
    3153,
    3413,
    2711,
    3330,
    2842,
    3531,
    2776,
    3143,
    3365,
    3067,
    3507,
    3231,
    3267,
    3134,
    2851,
    3314,
    2738,
    3041,
    3078,
    3185,
    3364,
    3242,
    2760,
    3142,
    2863,
    2776,
    3711,
    3692,
    3753,
    3951,
    4020,
    3714,
    3942,
    3569,
    3936,
    4120,
    3599,
    3822,
    3400,
    3788,
    3979,
    3682,
    3918,
    3514,
    3813,
    4091,
    3638,
    3853,
    3881,
    4242,
    3679,
    3508,
    3586,
    3973,
    3513,
    3753,
    3583,
    4085,
    4257,
    3456,
    3388,
    3632,
    3987,
    4166,
    3495,
    3680,
    3672,
    3569,
    4115,
    3420,
    3729,
    3717,
    3479,
    4294,
    3245,
    3646,
    4006,
    3375,
    4333,
    3824,
    3670,
    3852,
    3481,
    4129,
    3327,
    3597,
    3895,
    3460,
    4266,
    3702,
    3841,
    3822,
    3281,
    4217,
    3648,
    3356,
    3773,
    3861,
    4172,
    3870,
    3382,
    4014,
    3988,
    4278,
    3743,
    3902,
    3712,
    4048,
    4298,
    3136,
    3568,
    3848,
    3955,
    4145,
    3758,
    3343,
    3846,
    4024,
    4155,
    3692,
    3424,
    3869,
    3809,
    4327,
    3754,
    2
  ],
  "frame_begin_times": [
    0,
    33940,
    80014,
    124864,
    169760,
    214849,
    259103,
    305053,
    349467,
    393971,
    449226,
    495494,
    539082,
    585002,
    629369,
    673481,
    718195,
    763974,
    808383,
    852680,
    898449,
    943018,
    988184,
    1031951,
    1077117,
    1122690,
    1167552,
    1212095,
    1257942,
    1301472,
    1346721,
    1392087,
    1436898,
    1482036,
    1526129,
    1570681,
    1615861,
    1661115,
    1705450,
    1750055,
    1795189,
    1840762,
    1885531,
    1930712,
    1975987,
    2020927,
    2065066,
    2110581,
    2155911,
    2200705,
    2244849,
    2289226,
    2334157,
    2379272,
    2423664,
    2468687,
    2513357,
    2558233,
    2603228,
    2648313,
    2693066,
    2737439,
    2783274,
    2828504,
    2872189,
    2917244,
    2974447,
    3030674,
    3076464,
    3131689,
    3175963,
    3220458,
    3265255,
    3310000,
    3354669,
    3400435,
    3444469,
    3489472,
    3534667,
    3580725,
    3625062,
    3681792,
    3737515,
    3782327,
    3826724,
    3871955,
    3915639,
    3961262,
    4006075,
    4050641,
    4096089,
    4140316,
    4185364,
    4230325,
    4275251,
    4319793,
    4364999,
    4409678,
    4455285,
    4511540,
    4567897,
    4623975,
    4678765,
    4736022,
    4792327,
    4848240,
    4904743,
    4960985,
    5018367,
    5072001,
    5129040,
    5185492,
    5240301,
    5297539,
    5353757,
    5409353,
    5465719,
    5520902,
    5578085,
    5633786,
    5690533,
    5745828,
    5802361,
    5858717,
    5915125,
    5970451,
    6026410,
    6082205,
    6138899,
    6194945,
    6250215,
    6295728,
    6351920,
    6407984,
    6464304,
    6519539,
    6564214,
    6621576,
    6677564,
    6733710,
    6789164,
    6834877,
    6891029,
    6947183,
    7003867,
    7058485,
    7115699,
    7170963,
    7227055,
    7283563,
    7338226,
    7396321,
    7451433,
    7507423,
    7563058,
    7618723,
    7675145,
    7731502,
    7788414,
    7843514,
    7899772,
    7956792,
    8012303,
    8069155,
    8124294,
    8181446,
    8236792,
    8292991,
    8348828,
    8405305,
    8460375,
    8517892,
    8573474,
    8629723,
    8685886,
    8741111,
    8797948,
    8854711,
    8909303,
    8966337,
    9021334,
    9067232,
    9123250,
    9179336,
    9235969,
    9290734,
    9348245,
    9403944,
    9459378,
    9516417,
    9571337,
    9628216,
    9684394,
    9740676,
    9797596,
    9851957,
    9909233,
    9940907
  ],