{
  "average_frame_build_time_millis": 16.232731770833343,
  "90th_percentile_frame_build_time_millis": 19.589,
  "99th_percentile_frame_build_time_millis": 28.27,
  "worst_frame_build_time_millis": 30.255,
  "missed_frame_build_budget_count": 205,
  "average_frame_rasterizer_time_millis": 2.886409793814431,
  "90th_percentile_frame_rasterizer_time_millis": 4.486,
  "99th_percentile_frame_rasterizer_time_millis": 7.835,
  "worst_frame_rasterizer_time_millis": 12.981,
  "missed_frame_rasterizer_budget_count": 0,
  "frame_count": 384,
  "frame_rasterizer_count": 388,
  "frame_build_times": [
    15660,
    12123,
    13296,
    20635,
    14374,
    14729,
    13936,
    15499,
    13125,
    14891,
    20024,
    11561,
    12528,
    12232,
    13848,
    12814,
    12937,
    12699,
    14405,
    12924,
    13522,
    12500,
    14984,
    13322,
    21619,
    13658,
    14034,
    13627,
    13758,
    12969,
    14270,
    12101,
    15190,
    12415,
    14058,
    12525,
    15482,
    13367,
    16443,
    21566,
    12790,
    12188,
    13388,
    13870,
    13633,
    14942,
    12701,
    12884,
    11434,
    13736,
    11925,
    11897,
    12122,
    19909,
    12046,
    12437,
    12249,
    12949,
    13765,
    13873,
    11658,
    13450,
    11739,
    13481,
    12209,
    14315,
    11976,
    14613,
    20975,
    11771,
    12935,
    12216,
    13483,
    11490,
    12388,
    11990,
    14137,
    10148,
    11573,
    12122,
    13756,
    11906,
    20373,
    12354,
    13005,
    12647,
    13505,
    14052,
    13394,
    11458,
    13958,
    12124,
    13862,
    12017,
    13740,
    12096,
    14806,
    21728,
    17575,
    16206,
    13586,
    16711,
    14170,
    16789,
    15537,
    18134,
    17847,
    18230,
    16748,
    16865,
    16292,
    24761,
    15045,
    16008,
    16941,
    16337,
    15731,
    17355,
    15714,
    15984,
    15566,
    17311,
    16063,
    18751,
    16749,
    19874,
    27812,
    15751,
    15967,
    15857,
    15900,
    15773,
    16053,
    15766,
    16063,
    15765,
    15891,
    16130,
    17762,
    16124,
    25805,
    18341,
    16306,
    15931,
    16449,
    15957,
    17824,
    15734,
    17215,
    17996,
    18358,
    16263,
    18433,
    16191,
    18420,
    27442,
    13432,
    13437,
    13215,
    16933,
    15621,
    16729,
    17717,
    17746,
    14168,
    16047,
    15783,
    17719,
    16129,
    26324,
    17464,
    18139,
    15768,
    16418,
    16003,
    17342,
    15760,
    18049,
    15690,
    18023,
    15966,
    17644,
    16361,
    17821,
    24875,
    13120,
    13421,
    12903,
    13041,
    12838,
    14068,
    13027,
    13102,
    12476,
    14946,
    12863,
    13506,
    12940,
    22289,
    13299,
    13043,
    13448,
    13490,
    13312,
    16402,
    19589,
    17842,
    16306,
    16888,
    16656,
    19497,
    16324,
    21205,
    26667,
    17239,
    16327,
    15616,
    16725,
    16134,
    16614,
    15712,
    17495,
    13068,
    13197,
    13140,
    13583,
    13167,
    21233,
    14236,
    13256,
    13019,
    13759,
    17618,
    17331,
    15676,
    16936,
    15899,
    17387,
    15930,
    17705,
    16086,
    19992,
    26083,
    16730,
    16812,
    15791,
    16362,
    15787,
    16637,
    16446,
    18515,
    16135,
    18050,
    16114,
    19024,
    16879,
    30098,
    16893,
    17045,
    16228,
    18445,
    17123,
    16602,
    15815,
    17564,
    18375,
    17560,
    15890,
    17884,
    16142,
    20840,
    26183,
    16596,
    16015,
    15999,
    17150,
    16048,
    17022,
    15754,
    16939,
    15941,
    17929,
    16753,
    18364,
    16361,
    27930,
    18737,
    16845,
    15936,
    19764,
    15784,
    16805,
    15850,
    19292,
    15933,
    17312,
    16154,
    19258,
    17239,
    21072,
    28270,
    16153,
    17746,
    16338,
    16396,
    15849,
    17495,
    15675,
    17610,
    16051,
    18520,
    15979,
    18434,
    16403,
    27445,
    16470,
    16592,
    15626,
    16082,
    16157,
    17786,
    15856,
    17509,
    17269,
    18631,
    18098,
    21304,
    17385,
    21224,
    29248,
    16102,
    16781,
    15922,
    17043,
    15751,
    17811,
    15828,
    17667,
    15908,
    17842,
    16073,
    19621,
    18378,
    30255,
    19553,
    16649,
    15665,
    17048,
    16862,
    18959,
    16021,
    18786,
    15830,
    18605,
    16142,
    19216,
    17431,
    21743,
    28382,
    14510,
    17236,
    16483,
    16967,
    15705,
    17706,
    16172,
    18758,
    16324,
    20162,
    16127,
    18390,
    16086,
    25390,
    17714,
    16195,
    15881,
    16078,
    16210,
    18943,
    15768,
    19153,
    1955,
    113,
    126
  ],