{
  "average_frame_build_time_millis": 18.340909999999994,
  "90th_percentile_frame_build_time_millis": 22.961,
  "99th_percentile_frame_build_time_millis": 25.723,
  "worst_frame_build_time_millis": 27.045,
  "missed_frame_build_budget_count": 322,
  "average_frame_rasterizer_time_millis": 2.4455260545905726,
  "90th_percentile_frame_rasterizer_time_millis": 2.942,
  "99th_percentile_frame_rasterizer_time_millis": 3.506,
  "worst_frame_rasterizer_time_millis": 6.576,
  "missed_frame_rasterizer_budget_count": 0,
  "frame_count": 400,
  "frame_rasterizer_count": 403,
  "frame_build_times": [
    13463,
    21994,
    15669,
    17135,
    23048,
    14127,
    15901,
    14610,
    14617,
    14523,
    20491,
    10848,
    14788,
    13039,
    14207,
    13398,
    20829,
    13709,
    15255,
    14500,
    14280,
    14953,
    19676,
    17268,
    13838,
    14608,
    15518,
    14811,
    18415,
    13447,
    15043,
    15260,
    14625,
    14356,
    19145,
    12990,
    14959,
    13912,
    15446,
    14345,
    17061,
    13220,
    14522,
    15421,
    14382,
    14458,
    19253,
    12981,
    14350,
    13865,
    16336,
    14917,
    17475,
    13317,
    17893,
    13224,
    12419,
    15851,
    18038,
    13426,
    14184,
    16099,
    14919,
    14927,
    19620,
    15059,
    15596,
    14827,
    14590,
    16729,
    19683,
    13583,
    14916,
    15601,
    14660,
    14599,
    18091,
    13466,
    17610,
    13586,
    14141,
    13017,
    20951,
    14217,
    14346,
    14151,
    14038,
    13895,
    18515,
    13724,
    13584,
    14031,
    14590,
    14187,
    19569,
    13520,
    14140,
    14923,
    15945,
    19209,
    21613,
    19466,
    17154,
    18388,
    18180,
    18141,
    23340,
    18794,
    17409,
    18286,
    17444,
    18010,
    22418,
    19194,
    17229,
    17665,
    18458,
    18542,
    22413,
    18826,
    17215,
    18269,
    17556,
    18231,
    23225,
    19191,
    17379,
    18284,
    17582,
    18678,
    23456,
    18582,
    17203,
    17951,
    18259,
    18450,
    24474,
    19021,
    18045,
    17931,
    17552,
    18030,
    23032,
    19397,
    17112,
    17772,
    18127,
    18031,
    22108,
    18926,
    17461,
    18207,
    17448,
    17741,
    24445,
    19258,
    17095,
    17844,
    18164,
    18051,
    23032,
    19889,
    21491,
    19494,
    18176,
    18735,
    23141,
    19128,
    17832,
    18691,
    17631,
    18064,
    24161,
    21558,
    19578,
    17915,
    18242,
    17885,
    23627,
    19371,
    17945,
    17495,
    17913,
    18735,
    24832,
    19128,
    18080,
    18363,
    18331,
    17405,
    23319,
    19716,
    17242,
    17883,
    18521,
    18443,
    22851,
    19539,
    19814,
    18840,
    17986,
    18610,
    24730,
    18016,
    17876,
    18556,
    18641,
    17551,
    22560,
    19895,
    20849,
    19640,
    18190,
    17843,
    24173,
    19869,
    21205,
    19483,
    20158,
    22281,
    25910,
    20509,
    20949,
    20387,
    23071,
    19804,
    24118,
    21270,
    19603,
    19928,
    22433,
    20061,
    27045,
    18679,
    17418,
    18461,
    18670,
    18032,
    23736,
    20087,
    20993,
    19603,
    17763,
    19319,
    22427,
    19581,
    19841,
    17607,
    17554,
    18927,
    22561,
    19090,
    17383,
    19634,
    21710,
    19372,
    23546,
    21092,
    19864,
    19169,
    18721,
    17297,
    25893,
    19619,
    17338,
    17990,
    18391,
    18481,
    23027,
    18835,
    18416,
    18040,
    17793,
    17786,
    24365,
    19275,
    17234,
    18910,
    18159,
    18198,
    24803,
    19153,
    18040,
    17795,
    17667,
    18642,
    22765,
    22167,
    19351,
    17983,
    18379,
    17487,
    23746,
    19542,
    17508,
    17675,
    18566,
    18791,
    23443,
    18863,
    18181,
    18258,
    17923,
    17803,
    23756,
    21148,
    19593,
    19416,
    18289,
    17628,
    25723,
    19874,
    17409,
    17922,
    18546,
    17863,
    22286,
    18946,
    18173,
    18066,
    17853,
    17788,
    24285,
    19086,
    17363,
    18445,
    18401,
    17825,
    23406,
    19130,
    17961,
    17849,
    17881,
    18427,
    23259,
    18955,
    17562,
    18254,
    18681,
    17530,
    22864,
    20027,
    17757,
    17476,
    17936,
    18307,
    24059,
    19409,
    17904,
    19616,
    18121,
    17475,
    24706,
    19450,
    17336,
    17772,
    18526,
    18642,
    22961,
    19349,
    17951,
    17978,
    17764,
    18145,
    24178,
    18935,
    17172,
    18889,
    18214,
    17997,
    24330,
    19487,
    17969,
    17647,
    18523,
    18004,
    24391,
    19230,
    17863,
    18129,
    18642,
    17480,
    25959,
    20026,
    21233,
    18977,
    18046,
    18091,
    23070,
    20181,
    21508,
    20447,
    19706,
    18099,
    23233,
    19372,
    19517,
    1584,
    85,
    140
  ],