{
  "average_frame_build_time_millis": 15.48586445012788,
  "90th_percentile_frame_build_time_millis": 18.42,
  "99th_percentile_frame_build_time_millis": 28.258,
  "worst_frame_build_time_millis": 33.992,
  "missed_frame_build_budget_count": 130,
  "average_frame_rasterizer_time_millis": 3.7359037974683544,
  "90th_percentile_frame_rasterizer_time_millis": 7.003,
  "99th_percentile_frame_rasterizer_time_millis": 13.633,
  "worst_frame_rasterizer_time_millis": 20.733,
  "missed_frame_rasterizer_budget_count": 2,
  "frame_count": 391,
  "frame_rasterizer_count": 395,
  "frame_build_times": [
    15113,
    14348,
    12985,
    20408,
    13903,
    14725,
    12739,
    15693,
    13128,
    15537,
    18115,
    11184,
    12479,
    12671,
    13294,
    13130,
    13459,
    11723,
    13059,
    12856,
    13497,
    12181,
    14028,
    12025,
    21439,
    13150,
    12470,
    12573,
    12502,
    12208,
    12918,
    12224,
    14858,
    14062,
    14641,
    12874,
    16010,
    13387,
    16131,
    22963,
    12698,
    12984,
    12912,
    13864,
    12020,
    12886,
    14200,
    16256,
    13607,
    16797,
    14042,
    14869,
    12787,
    22486,
    12197,
    14286,
    12016,
    12439,
    12626,
    14532,
    11913,
    12512,
    13942,
    14252,
    13578,
    16210,
    13185,
    16235,
    22021,
    14007,
    14361,
    12764,
    14445,
    12007,
    13977,
    12029,
    12949,
    12713,
    13871,
    12286,
    13903,
    13049,
    22127,
    11728,
    13395,
    13758,
    13696,
    12075,
    13181,
    11836,
    13787,
    12246,
    14462,
    12852,
    14516,
    12413,
    15214,
    13269,
    15197,
    16182,
    15369,
    16335,
    15070,
    17115,
    15534,
    15846,
    15719,
    18087,
    16251,
    18416,
    15931,
    28169,
    19530,
    17173,
    15426,
    12471,
    12708,
    13883,
    14513,
    15505,
    14185,
    13163,
    12935,
    13675,
    13816,
    21366,
    13493,
    13683,
    13249,
    14045,
    12633,
    13456,
    13148,
    13571,
    13017,
    14602,
    13692,
    15847,
    17177,
    16519,
    27333,
    15305,
    15105,
    15298,
    15180,
    15310,
    15611,
    15290,
    15372,
    15719,
    15362,
    16333,
    16971,
    16301,
    26498,
    17924,
    17509,
    16651,
    16028,
    15295,
    15599,
    15572,
    15891,
    16445,
    16818,
    15693,
    16556,
    15585,
    12969,
    25477,
    12259,
    12887,
    12933,
    13062,
    13690,
    14551,
    12874,
    15602,
    12156,
    14107,
    12434,
    12990,
    12835,
    24362,
    12593,
    13098,
    13504,
    14295,
    15548,
    17391,
    15309,
    17276,
    16494,
    18420,
    15470,
    17606,
    15811,
    19147,
    25926,
    15652,
    16157,
    15447,
    15469,
    17323,
    17332,
    16283,
    18472,
    15605,
    17389,
    16093,
    18723,
    16818,
    30960,
    16911,
    17276,
    15673,
    17150,
    15478,
    17088,
    15615,
    13603,
    13676,
    16018,
    16988,
    18110,
    15922,
    25543,
    20416,
    14191,
    16297,
    17141,
    13301,
    13016,
    13460,
    16048,
    15629,
    17337,
    18015,
    17814,
    15722,
    17727,
    23183,
    13313,
    15984,
    15737,
    16717,
    15238,
    17008,
    15230,
    16515,
    16614,
    18132,
    15784,
    17851,
    15848,
    28557,
    15803,
    17337,
    15667,
    16411,
    15392,
    17035,
    15458,
    17415,
    15660,
    18389,
    15438,
    18023,
    16520,
    21840,
    28170,
    15853,
    16542,
    15746,
    16745,
    15442,
    17732,
    16791,
    17481,
    15948,
    18464,
    15556,
    19515,
    17616,
    28258,
    18184,
    17056,
    15235,
    16253,
    15352,
    15984,
    15311,
    12852,
    12324,
    17407,
    15759,
    16058,
    15769,
    17509,
    23559,
    12177,
    13050,
    12574,
    13656,
    12319,
    13270,
    12331,
    13906,
    12464,
    13636,
    12627,
    14184,
    12499,
    25074,
    12432,
    13418,
    12228,
    13518,
    12838,
    13561,
    14011,
    13776,
    12944,
    14646,
    15725,
    13267,
    12323,
    21935,
    12748,
    13078,
    12354,
    14001,
    13196,
    13503,
    13118,
    14252,
    13959,
    14263,
    13151,
    14404,
    12746,
    13526,
    27118,
    12258,
    13195,
    12441,
    12577,
    13722,
    13533,
    12707,
    15649,
    15798,
    17049,
    15653,
    17402,
    15974,
    33992,
    15966,
    18309,
    16118,
    17460,
    15307,
    16406,
    15605,
    17441,
    16727,
    18429,
    16225,
    18679,
    15786,
    18726,
    26639,
    15883,
    16413,
    15619,
    16906,
    15431,
    17106,
    15499,
    16879,
    15687,
    18494,
    15805,
    18992,
    15648,
    28543,
    17616,
    1750,
    76,
    171,
    128
  ],