{
  "average_frame_build_time_millis": 16.411398950131243,
  "90th_percentile_frame_build_time_millis": 18.905,
  "99th_percentile_frame_build_time_millis": 29.139,
  "worst_frame_build_time_millis": 29.86,
  "missed_frame_build_budget_count": 207,
  "average_frame_rasterizer_time_millis": 2.9277896103896075,
  "90th_percentile_frame_rasterizer_time_millis": 4.498,
  "99th_percentile_frame_rasterizer_time_millis": 8.09,
  "worst_frame_rasterizer_time_millis": 11.14,
  "missed_frame_rasterizer_budget_count": 0,
  "frame_count": 381,
  "frame_rasterizer_count": 385,
  "frame_build_times": [
    15357,
    12439,
    13592,
    19691,
    11607,
    12186,
    13350,
    13963,
    12225,
    14506,
    18767,
    11864,
    12271,
    11913,
    12781,
    14244,
    13356,
    12207,
    14519,
    13094,
    13365,
    12793,
    15300,
    12790,
    20512,
    11845,
    12662,
    13441,
    12915,
    12697,
    13108,
    13060,
    13498,
    12187,
    15052,
    13881,
    15245,
    13605,
    15900,
    24174,
    12062,
    13159,
    13769,
    13929,
    12354,
    13214,
    12562,
    13503,
    12081,
    14479,
    12630,
    14022,
    12218,
    21324,
    16351,
    13457,
    12976,
    14097,
    12846,
    12926,
    13554,
    14702,
    14745,
    17569,
    14090,
    15615,
    13804,
    16214,
    22364,
    13353,
    12655,
    14536,
    14303,
    12723,
    14642,
    12214,
    12051,
    12671,
    14145,
    13395,
    16007,
    12694,
    22480,
    17440,
    13635,
    13542,
    13969,
    14392,
    14160,
    12911,
    15010,
    15150,
    16137,
    14475,
    15566,
    14133,
    15594,
    21536,
    18018,
    17132,
    15912,
    17131,
    15482,
    16713,
    15993,
    18616,
    15825,
    18280,
    16228,
    18473,
    16087,
    26642,
    16717,
    16534,
    15759,
    17345,
    15457,
    16078,
    15726,
    16802,
    16290,
    14193,
    13621,
    15021,
    14256,
    14372,
    22766,
    13317,
    12783,
    13242,
    13023,
    12682,
    15939,
    15794,
    15866,
    15652,
    16981,
    15867,
    17255,
    16258,
    27846,
    16932,
    16778,
    16018,
    17741,
    15702,
    17439,
    16326,
    18227,
    15736,
    17835,
    16783,
    18833,
    16402,
    18528,
    25450,
    17822,
    18723,
    15528,
    16075,
    16091,
    18192,
    15942,
    17646,
    16193,
    18081,
    15805,
    17342,
    16447,
    27827,
    17353,
    16574,
    15793,
    17228,
    16240,
    17375,
    16726,
    18726,
    16061,
    18393,
    16129,
    18745,
    16017,
    14367,
    25918,
    16183,
    15954,
    15613,
    15829,
    15377,
    15616,
    15580,
    15809,
    15813,
    16368,
    16356,
    18200,
    16849,
    29139,
    17512,
    17107,
    16490,
    17306,
    15734,
    17284,
    16174,
    17553,
    14579,
    17033,
    16054,
    17284,
    16076,
    18056,
    28664,
    16411,
    17188,
    15949,
    16737,
    15544,
    17212,
    15755,
    17859,
    17725,
    18016,
    15793,
    18338,
    16998,
    29860,
    20487,
    17782,
    15997,
    17576,
    17034,
    16188,
    15722,
    17807,
    15966,
    17736,
    16541,
    19572,
    18363,
    18905,
    25753,
    13404,
    14332,
    13758,
    13435,
    13972,
    15211,
    16420,
    17005,
    16122,
    17679,
    15927,
    18914,
    16598,
    28914,
    16665,
    17420,
    16180,
    16297,
    16130,
    17653,
    16456,
    18935,
    16397,
    18707,
    16110,
    18989,
    16033,
    18440,
    25854,
    13473,
    12738,
    13876,
    14474,
    13117,
    12893,
    13043,
    14551,
    13583,
    14087,
    13636,
    14632,
    13280,
    25442,
    17050,
    16976,
    15820,
    16806,
    15485,
    15932,
    15527,
    15556,
    15579,
    16456,
    15736,
    16280,
    15903,
    17473,
    27052,
    16321,
    16514,
    16007,
    17302,
    16009,
    17111,
    15924,
    18098,
    16346,
    18046,
    16570,
    18705,
    16131,
    29009,
    18148,
    17646,
    15956,
    16163,
    16078,
    17715,
    17355,
    16543,
    15781,
    18317,
    16138,
    18108,
    17436,
    20979,
    29350,
    16642,
    16516,
    15789,
    17004,
    15825,
    16851,
    15706,
    17307,
    15671,
    18204,
    18363,
    18899,
    18361,
    29195,
    19256,
    18580,
    16212,
    20359,
    16702,
    18020,
    17035,
    18899,
    16162,
    19731,
    15559,
    19589,
    16225,
    19717,
    28350,
    16564,
    16470,
    15828,
    17415,
    17049,
    16486,
    15742,
    17828,
    15689,
    17692,
    15899,
    18947,
    17452,
    29849,
    18510,
    17927,
    16106,
    17663,
    15753,
    2090,
    138,
    132
  ],